대표상품코드,판매상품코드,출발일자,요일,항공사,정상가격,성인가격,예약상태,잔여좌석수,가이드경비(USD),쇼핑횟수,호텔명,숙박일수,호텔등급,도시,상품구분,상품명,평점,리뷰수
MHJ-PRD13A29QQFB,MHJ-PRD13A29QQFB,상시,상시,정보없음(항공불포함),4791,4791,예약가능,999,정보없음,정보없음,정보없음(투어/티켓),정보없음(데이투어),정보없음,나트랑,입장권/패스,[즉시확정][베트남] 롯데마트 이바우처 금액권 #Lotte Mart,4.5,47
MHJ-PRD18911WE49,MHJ-PRD18911WE49,상시,상시,정보없음(항공불포함),3062,3062,예약가능,999,정보없음,정보없음,정보없음(투어/티켓),정보없음(데이투어),정보없음,나트랑,여행서비스,[베트남] eSIM 베트남 전지역 로컬망 이심 로밍망 이심/전세계 무료통화 제공,4.5,17
MHJ-PRD2988DRBLA,MHJ-PRD2988DRBLA,상시,상시,정보없음(항공불포함),6258,6258,예약가능,999,정보없음,정보없음,정보없음(투어/티켓),정보없음(데이투어),정보없음,나트랑,여행서비스,[즉시확정][베트남 이심] eSIM 로컬망 무제한 데이터,5.0,2
MHJ-PRD3384EAQL0,MHJ-PRD3384EAQL0,상시,상시,정보없음(항공불포함),846,846,예약가능,999,정보없음,정보없음,정보없음(투어/티켓),정보없음(데이투어),정보없음,나트랑,여행서비스,[베트남 이심] 5G 데이터 무제한 유심 푸꾸옥 다낭 나트랑 비나폰 4일 e심 eSIM,4.5,20
MHJ-PRD1AF56TIUE,MHJ-PRD1AF56TIUE,상시,상시,정보없음(항공불포함),7935,7935,예약가능,999,정보없음,정보없음,정보없음(투어/티켓),정보없음(데이투어),정보없음,나트랑,여행서비스,[베트남유심] 해외유심 통화 데이터 무제한 다낭 호치민 하노이 푸꾸옥 유심칩 인천 공항수령,5.0,6
MHJ-PRD3113EOIFT,MHJ-PRD3113EOIFT,상시,상시,정보없음(항공불포함),15900,15900,예약가능,999,정보없음,정보없음,정보없음(투어/티켓),정보없음(데이투어),정보없음,나트랑,입장권/패스,인천국제공항 공항리무진버스 편도 티켓 예약 #서울 시내 주요지역 이용 가능 # 즉시사용가능,4.5,312
MHJ-PRD29C0ETS4F,MHJ-PRD29C0ETS4F,상시,상시,정보없음(항공불포함),7665,7665,예약가능,999,정보없음,정보없음,정보없음(투어/티켓),정보없음(데이투어),정보없음,나트랑,여행서비스,[공항수령]  고프로10 대여 고프로대여 액션캠 인천공항 당일수령 리뷰작성시 영상편집무료,5.0,6
MHJ-PRD1AF56XE1V,MHJ-PRD1AF56XE1V,상시,상시,정보없음(항공불포함),4001,4001,예약가능,999,정보없음,정보없음,정보없음(투어/티켓),정보없음(데이투어),정보없음,나트랑,여행서비스,[아시아] SKT 포켓와이파이 무제한 데이터 인천공항 SKT부스 수령,3.5,2
MHJ-PRD421E9LVT8,MHJ-PRD421E9LVT8,상시,상시,정보없음(항공불포함),2431,2431,예약가능,999,정보없음,정보없음,정보없음(투어/티켓),정보없음(데이투어),정보없음,나트랑,레스토랑,[즉시확정][베트남] 하이랜드 이바우처 금액권 #HIGHLANDS COFFEE,4.5,3
MHJ-PRD09D1EUSST,MHJ-PRD09D1EUSST,상시,상시,정보없음(항공불포함),990,990,예약가능,999,정보없음,정보없음,정보없음(투어/티켓),정보없음(데이투어),정보없음,나트랑,여행서비스,[베트남] 심 여행용 데이터 무제한 eSIM,,0
MHJ-PRD09DE6PB0T,MHJ-PRD09DE6PB0T,상시,상시,정보없음(항공불포함),12900,12900,예약가능,999,정보없음,정보없음,정보없음(투어/티켓),정보없음(데이투어),정보없음,나트랑,여행서비스,[베트남전지역] 6일 무제한 인천공항 수령,,0
MHJ-PRD421E9BVUN,MHJ-PRD421E9BVUN,상시,상시,정보없음(항공불포함),4861,4861,예약가능,999,정보없음,정보없음,정보없음(투어/티켓),정보없음(데이투어),정보없음,나트랑,입장권/패스,[즉시확정][베트남] 스타벅스 금액권_#Starbucks in Vietnam,,0
MHJ-PRD2E8A1IOYT,MHJ-PRD2E8A1IOYT,상시,상시,정보없음(항공불포함),21000,21000,예약가능,999,정보없음,정보없음,정보없음(투어/티켓),정보없음(데이투어),정보없음,나트랑,입장권/패스,[베트남][전지역가능] 베트남 입/출국 패스트트랙_#하노이+#다낭+#나트랑+#호치민+#푸꾸옥,,0
MHJ-PRD0C3CEVHN2,MHJ-PRD0C3CEVHN2,상시,상시,정보없음(항공불포함),5880,5880,예약가능,999,정보없음,정보없음,정보없음(투어/티켓),정보없음(데이투어),정보없음,나트랑,여행서비스,[베트남 전지역] eSIM 무제한 데이터 요금제,,0
MHJ-PRD35C9FY9AX,MHJ-PRD35C9FY9AX,상시,상시,정보없음(항공불포함),95742,95742,예약가능,999,정보없음,정보없음,정보없음(투어/티켓),정보없음(데이투어),정보없음,나트랑,트립,[나트랑]나트랑 럭셔리 호핑투어_#스노쿨링#왕복차량#한국인전용#프라이빗전용비치,5.0,3
MHJ-PRD18B68YM3G,MHJ-PRD18B68YM3G,상시,상시,정보없음(항공불포함),38352,38352,예약가능,999,정보없음,정보없음,정보없음(투어/티켓),정보없음(데이투어),정보없음,나트랑,입장권/패스,[베트남] 나트랑 빈원더스 입장권+왕복케이블카 포함 | QR즉시 사용 | 빈버스 2회 무료이용,4.5,14
MHJ-PRD35E99COC4,MHJ-PRD35E99COC4,상시,상시,정보없음(항공불포함),8105,8105,예약가능,999,정보없음,정보없음,정보없음(투어/티켓),정보없음(데이투어),정보없음,나트랑,여행서비스,★최강특가★[나트랑] 깜란 공항 픽업샌딩↔ 호텔( 깜란/시내/혼총/닌반베이 지역),5.0,9
MHJ-PRD076D70NPN,MHJ-PRD076D70NPN,상시,상시,정보없음(항공불포함),26982,26982,예약가능,999,정보없음,정보없음,정보없음(투어/티켓),정보없음(데이투어),정보없음,나트랑,트립,[스타인판랑] 나트랑출발 판랑 사막 지프투어 (한국어가이드 선라이즈 데이 선셋 ATV선택),4.5,5
MHJ-PRD0EDFCMSKI,MHJ-PRD0EDFCMSKI,상시,상시,정보없음(항공불포함),18230,18230,예약가능,999,정보없음,정보없음,정보없음(투어/티켓),정보없음(데이투어),정보없음,나트랑,여행서비스,[베트남]나트랑 깜란 공항 패스트트랙_VIP서비스. 빠른 출국,,0
MHJ-PRD2E711ZGIO,MHJ-PRD2E711ZGIO,상시,상시,정보없음(항공불포함),30717,30717,예약가능,999,정보없음,정보없음,정보없음(투어/티켓),정보없음(데이투어),정보없음,나트랑,입장권/패스,[베트남] 무이네 지프투어_#지프투어_#호치민_#나트랑_#달랏,,0
MHJ-PRD35F60EQNO,MHJ-PRD35F60EQNO,상시,상시,정보없음(항공불포함),127028,127028,예약가능,999,정보없음,정보없음,정보없음(투어/티켓),정보없음(데이투어),정보없음,나트랑,골프,[나트랑] 나짱_다이아몬드베이 골프 앤 빌라스_Diamond Bay Golf & Villas,4.0,1
MHJ-PRD44A1F7MNQ,MHJ-PRD44A1F7MNQ,상시,상시,정보없음(항공불포함),7901,7901,예약가능,999,정보없음,정보없음,정보없음(투어/티켓),정보없음(데이투어),정보없음,나트랑,여행서비스,[나트랑] 나트랑 (깜란) 공항 픽업.샌딩 서비스 (기사포함/조인/단독),4.0,11
MHJ-PRD13C1BUNUZ,MHJ-PRD13C1BUNUZ,상시,상시,정보없음(항공불포함),15336,15336,예약가능,999,정보없음,정보없음,정보없음(투어/티켓),정보없음(데이투어),정보없음,나트랑,입장권/패스,[나트랑] 베트남 나트랑 패스트트랙 깜란공항 입국 출국 패스트트랙,3.5,6
MHJ-PRD13C80SKYH,MHJ-PRD13C80SKYH,상시,상시,정보없음(항공불포함),154666,154666,예약가능,999,정보없음,정보없음,정보없음(투어/티켓),정보없음(데이투어),정보없음,나트랑,골프,[나트랑] 나짱_KN골프 링크스 캄란_KN GOLF LINKS - Cam Ranh,,0
MHJ-PRD3365DLFCV,MHJ-PRD3365DLFCV,상시,상시,정보없음(항공불포함),9434,9434,예약가능,999,정보없음,정보없음,정보없음(투어/티켓),정보없음(데이투어),정보없음,나트랑,렌터카,[하나투어 특가] 나트랑 깜란 국제공항 공항픽업&샌딩 편도,5.0,5
MHJ-PRD49717OLY0,MHJ-PRD49717OLY0,상시,상시,정보없음(항공불포함),45252,45252,예약가능,999,정보없음,정보없음,정보없음(투어/티켓),정보없음(데이투어),정보없음,나트랑,트립,나트랑 판랑 사막투어 지프투어 모닝(오전)/데이(오후)투어 선택 조인/단독,3.5,3
MHJ-PRD161FFUMKC,MHJ-PRD161FFUMKC,상시,상시,정보없음(항공불포함),11988,11988,예약가능,999,정보없음,정보없음,정보없음(투어/티켓),정보없음(데이투어),정보없음,나트랑,입장권/패스,[나트랑] 빈원더스 빈펄랜드 사파리 입장권 티켓 QR코드,4.5,2
MHJ-PRD29CD2GOXI,MHJ-PRD29CD2GOXI,상시,상시,정보없음(항공불포함),28188,28188,예약가능,999,정보없음,정보없음,정보없음(투어/티켓),정보없음(데이투어),정보없음,나트랑,여행서비스,[나트랑] 공항 픽업 단독서비스 (공항→호텔),5.0,3
MHJ-PRD13C80VH5W,MHJ-PRD13C80VH5W,상시,상시,정보없음(항공불포함),163170,163170,예약가능,999,정보없음,정보없음,정보없음(투어/티켓),정보없음(데이투어),정보없음,나트랑,골프,[나트랑] 나짱_빈펄 골프클럽_Vinpearl Golf Club,,0
MHJ-PRD46F3EKAKK,MHJ-PRD46F3EKAKK,상시,상시,정보없음(항공불포함),189540,189540,예약가능,999,정보없음,정보없음,정보없음(투어/티켓),정보없음(데이투어),정보없음,나트랑,골프,[베트남] 나트랑 골프 예약 빈펄 CC 18홀 골프장,,0
MHJ-PRD4712FEILK,MHJ-PRD4712FEILK,상시,상시,정보없음(항공불포함),14900,14900,예약가능,999,정보없음,정보없음,정보없음(투어/티켓),정보없음(데이투어),정보없음,나트랑,트립,[나트랑] 갓성비! 어메이징 호핑투어 3섬 스노쿨링(혼땀.혼문.혼뭇),4.0,3
MHJ-PRD1D987YEB6,MHJ-PRD1D987YEB6,상시,상시,정보없음(항공불포함),91692,91692,예약가능,999,정보없음,정보없음,정보없음(투어/티켓),정보없음(데이투어),정보없음,나트랑,트립,[나트랑] 나트랑 굿바이 체크아웃투어 픽업샌딩 입장권 식사 마사지,1.0,1
MHJ-PRD2C12BRHD7,MHJ-PRD2C12BRHD7,상시,상시,정보없음(항공불포함),8100,8100,예약가능,999,정보없음,정보없음,정보없음(투어/티켓),정보없음(데이투어),정보없음,나트랑,렌터카,[나트랑] 나트랑 공항픽업 프라이빗 픽업샌딩 단독차량,,0
MHJ-PRD02B72CIYL,MHJ-PRD02B72CIYL,상시,상시,정보없음(항공불포함),59240,59240,예약가능,999,정보없음,정보없음,정보없음(투어/티켓),정보없음(데이투어),정보없음,나트랑,트립,[스타인 달랏] 나트랑 출발 달랏 투어 (한국어 가이드+시내호텔픽업드랍무료+간식제공),4.5,5
MHJ-PRD46F3ESG5A,MHJ-PRD46F3ESG5A,상시,상시,정보없음(항공불포함),160380,160380,예약가능,999,정보없음,정보없음,정보없음(투어/티켓),정보없음(데이투어),정보없음,나트랑,골프,[베트남] 나트랑 골프 예약 다이아몬드베이 CC 18홀 골프장,,0
MHJ-PRD07992GEF7,MHJ-PRD07992GEF7,상시,상시,정보없음(항공불포함),34900,34900,예약가능,999,정보없음,정보없음,정보없음(투어/티켓),정보없음(데이투어),정보없음,나트랑,트립,[나트랑] 혼땀 온천 투어 (미네랄 풀. 해변 휴양. 점심뷔페 / 머드탕 선택 가능),5.0,2
MHJ-PRD46F3E08IY,MHJ-PRD46F3E08IY,상시,상시,정보없음(항공불포함),160380,160380,예약가능,999,정보없음,정보없음,정보없음(투어/티켓),정보없음(데이투어),정보없음,나트랑,골프,[베트남] 나트랑 골프 예약 KN 링크스 CC 18홀 골프장,,0
MHJ-PRD2C12BBSYS,MHJ-PRD2C12BBSYS,상시,상시,정보없음(항공불포함),43092,43092,예약가능,999,정보없음,정보없음,정보없음(투어/티켓),정보없음(데이투어),정보없음,나트랑,렌터카,[나트랑] 나트랑 렌트카 프라이빗 기사포함 단독 렌터카 자유여행,5.0,1
MHJ-PRD3834FMBB9,MHJ-PRD3834FMBB9,상시,상시,정보없음(항공불포함),19900,19900,예약가능,999,정보없음,정보없음,정보없음(투어/티켓),정보없음(데이투어),정보없음,나트랑,트립,[나트랑] 스피드보트 스노쿨링 호핑투어 (소이비치. 미니비치. 혼땀머드베스 선택),,0
MHJ-PRD30EE7ESGO,MHJ-PRD30EE7ESGO,상시,상시,정보없음(항공불포함),43000,43000,예약가능,999,정보없음,정보없음,정보없음(투어/티켓),정보없음(데이투어),정보없음,나트랑,여행서비스,[나트랑] 공항 - 호텔  픽업 (SUV 또는 승합차 진행) #24시간 요금 동일,5.0,1
MHJ-PRD3D29BLIKQ,MHJ-PRD3D29BLIKQ,상시,상시,정보없음(항공불포함),92400,92400,예약가능,999,정보없음,정보없음,정보없음(투어/티켓),정보없음(데이투어),정보없음,나트랑,페리,[나트랑] 나트랑 크루즈 투어 황제 디너 선셋 투어,,0
MHJ-PRD2730DCMNI,MHJ-PRD2730DCMNI,상시,상시,정보없음(항공불포함),15900,15900,예약가능,999,정보없음,정보없음,정보없음(투어/티켓),정보없음(데이투어),정보없음,나트랑,입장권/패스,[나트랑] 공항 패스트트랙 서비스 (빠르고 편리한 입국 심사),,0
MHJ-PRD07804Y1EQ,MHJ-PRD07804Y1EQ,상시,상시,정보없음(항공불포함),29000,29000,예약가능,999,정보없음,정보없음,정보없음(투어/티켓),정보없음(데이투어),정보없음,나트랑,트립,[나트랑] 시티 데이 투어 & 체크아웃 (포나가르 롱선사 대성당 과일뷔페 마사지선택),,0
MHJ-PRD29CD2OJ6Q,MHJ-PRD29CD2OJ6Q,상시,상시,정보없음(항공불포함),28188,28188,예약가능,999,정보없음,정보없음,정보없음(투어/티켓),정보없음(데이투어),정보없음,나트랑,여행서비스,[나트랑] 공항 샌딩 단독서비스 (호텔->공항),,0
MHJ-PRD384E17EGB,MHJ-PRD384E17EGB,상시,상시,정보없음(항공불포함),33803,33803,예약가능,999,정보없음,정보없음,정보없음(투어/티켓),정보없음(데이투어),정보없음,나트랑,트립,[나트랑] 엘라운지 첫날 도착부터 힐링 올인원 패키지 공항픽업+0.5박+마사지(60분) 스타일투어,,0
MHJ-PRD3860D6BHC,MHJ-PRD3860D6BHC,상시,상시,정보없음(항공불포함),10211,10211,예약가능,999,정보없음,정보없음,정보없음(투어/티켓),정보없음(데이투어),정보없음,나트랑,입장권/패스,[즉시확정][나트랑] 화란 섬 & 원숭이 섬 입장권,,0
MHJ-PRD0EDFCJEM9,MHJ-PRD0EDFCJEM9,상시,상시,정보없음(항공불포함),17622,17622,예약가능,999,정보없음,정보없음,정보없음(투어/티켓),정보없음(데이투어),정보없음,나트랑,여행서비스,[베트남] 나트랑 깜란 공항 패스트트랙_VIP서비스. 빠른 입국,,0
MHJ-PRD449BESJEI,MHJ-PRD449BESJEI,상시,상시,정보없음(항공불포함),29900,29900,예약가능,999,정보없음,정보없음,정보없음(투어/티켓),정보없음(데이투어),정보없음,나트랑,트립,[나트랑] 데이투어 (핫스팟) & 체크아웃 (담시장 롯데마트 콩카페 야시장 공항드랍),,0
MHJ-PRD160D3VVNN,MHJ-PRD160D3VVNN,상시,상시,정보없음(항공불포함),79000,79000,예약가능,999,정보없음,정보없음,정보없음(투어/티켓),정보없음(데이투어),정보없음,나트랑,트립,[나트랑 출발] 무이네 사막 지프 투어_#선라이즈 / 선셋 투어 단독,,0
MHJ-PRD0C5BFUNHL,MHJ-PRD0C5BFUNHL,상시,상시,정보없음(항공불포함),101520,101520,예약가능,999,정보없음,정보없음,정보없음(투어/티켓),정보없음(데이투어),정보없음,나트랑,렌터카,[나트랑 달랏] 나트랑 달랏 이동 프라이빗 렌트카 편도 왕복 차량,,0
MHJ-PRD3FAD93LFG,MHJ-PRD3FAD93LFG,상시,상시,정보없음(항공불포함),10944,10944,예약가능,999,정보없음,정보없음,정보없음(투어/티켓),정보없음(데이투어),정보없음,나트랑,입장권/패스,[즉시확정][나트랑] 아이리조트 온천 입장권,5.0,1
MHJ-PRD2EAF7KLUB,MHJ-PRD2EAF7KLUB,상시,상시,정보없음(항공불포함),24901,24901,예약가능,999,정보없음,정보없음,정보없음(투어/티켓),정보없음(데이투어),정보없음,나트랑,트립,[나트랑] 택시 판랑 사막 & 지프 단독투어 (선라이즈 선셋 선라이즈 선택가능),,0
MHJ-PRD4712FF5B4,MHJ-PRD4712FF5B4,상시,상시,정보없음(항공불포함),29667,29667,예약가능,999,정보없음,정보없음,정보없음(투어/티켓),정보없음(데이투어),정보없음,나트랑,트립,[나트랑] 아이리조트 머드&온천 투어 (한국인전용/시내픽드랍 무료/조인/단독),,0
MHJ-PRD2C12BVRDM,MHJ-PRD2C12BVRDM,상시,상시,정보없음(항공불포함),62532,62532,예약가능,999,정보없음,정보없음,정보없음(투어/티켓),정보없음(데이투어),정보없음,나트랑,트립,[나트랑 출발] 나트랑 무이네 지프투어 사막투어 선라이즈 파우더룸 탈의실 픽업샌딩,,0
MHJ-PRD3D4F414ZM,MHJ-PRD3D4F414ZM,상시,상시,정보없음(항공불포함),36180,36180,예약가능,999,정보없음,정보없음,정보없음(투어/티켓),정보없음(데이투어),정보없음,나트랑,트립,[나트랑] 혼문섬 미니비치 스노쿨링 단독 조인 호핑투어,,0
MHJ-PRD35CA3G1VE,MHJ-PRD35CA3G1VE,상시,상시,정보없음(항공불포함),29900,29900,예약가능,999,정보없음,정보없음,정보없음(투어/티켓),정보없음(데이투어),정보없음,나트랑,트립,[나트랑] 욜로 호핑투어 (TV방영/스노클링장비무료대여/무료픽드랍/선상공연/베트남/스타인월드),4.0,1
MHJ-PRD4712FOAKT,MHJ-PRD4712FOAKT,상시,상시,정보없음(항공불포함),49512,49512,예약가능,999,정보없음,정보없음,정보없음(투어/티켓),정보없음(데이투어),정보없음,나트랑,트립,[나트랑] 체험 다이빙(현지투어) + 스노클링 투어 (씨워커/시내무료픽드랍),,0
MHJ-PRD13C1BBBGI,MHJ-PRD13C1BBBGI,상시,상시,정보없음(항공불포함),29700,29700,예약가능,999,정보없음,정보없음,정보없음(투어/티켓),정보없음(데이투어),정보없음,나트랑,트립,[나트랑] 나트랑 머드스파 투어 아이리조트 머드투어 포나가르사원 식사,,0
MHJ-PRD3FC67NCVM,MHJ-PRD3FC67NCVM,상시,상시,정보없음(항공불포함),9612,9612,예약가능,999,정보없음,정보없음,정보없음(투어/티켓),정보없음(데이투어),정보없음,나트랑,입장권/패스,[나트랑] 나트랑 스카이라이트 입장권 하바나 호텔 루프탑 티켓,,0
MHJ-PRD3FB9FFFNB,MHJ-PRD3FB9FFFNB,상시,상시,정보없음(항공불포함),39800,39800,예약가능,999,정보없음,정보없음,정보없음(투어/티켓),정보없음(데이투어),정보없음,나트랑,렌터카,[단독차량]나트랑 시내 렌트카 이용 (기사포함. 시내기준),,0
MHJ-PRD449BEMCEK,MHJ-PRD449BEMCEK,상시,상시,정보없음(항공불포함),48862,48862,예약가능,999,정보없음,정보없음,정보없음(투어/티켓),정보없음(데이투어),정보없음,나트랑,트립,[나트랑]  늦은 체크아웃 투어 4시간 (#발마사지#늦은출발항공#레이트체크아웃#베트남#스타인월드),,0
MHJ-PRD161FFPIW5,MHJ-PRD161FFPIW5,상시,상시,정보없음(항공불포함),22680,22680,예약가능,999,정보없음,정보없음,정보없음(투어/티켓),정보없음(데이투어),정보없음,나트랑,레스토랑,[나트랑] 나트랑 시타디네스 응온갤러리 랍스타 뷔페 이용권,,0
MHJ-PRD13CE2FN8X,MHJ-PRD13CE2FN8X,상시,상시,정보없음(항공불포함),29000,29000,예약가능,999,정보없음,정보없음,정보없음(투어/티켓),정보없음(데이투어),정보없음,나트랑,트립,[나트랑] 핫플레이스 헤리티지 시티투어 (#주요관광지 #픽드랍서비스 #과일무제한뷔페 #문화 #시티투어),,0
MHJ-PRD49717EIQD,MHJ-PRD49717EIQD,상시,상시,정보없음(항공불포함),77760,77760,예약가능,999,정보없음,정보없음,정보없음(투어/티켓),정보없음(데이투어),정보없음,나트랑,트립,[나트랑] 나트랑 콩포레스트 투어 ATV 짚라인 액티비티,5.0,2
MHJ-PRD1137CETNS,MHJ-PRD1137CETNS,상시,상시,정보없음(항공불포함),46791,46791,예약가능,999,정보없음,정보없음,정보없음(투어/티켓),정보없음(데이투어),정보없음,나트랑,입장권/패스,[나트랑] 깜란 공항 국제선 2터미널 라운지_#SUN 코스트 라운지 3시간 이용권 티켓+#편안한 출국대기,2.0,1
MHJ-PRD446A0MHIE,MHJ-PRD446A0MHIE,상시,상시,정보없음(항공불포함),39900,39900,예약가능,999,정보없음,정보없음,정보없음(투어/티켓),정보없음(데이투어),정보없음,나트랑,트립,[알찬달랏] 나트랑 출발(라운지) 달랏 투어 (캐리어라운지보관/한국인전용),,0
MHJ-PRD383B3A12R,MHJ-PRD383B3A12R,상시,상시,정보없음(항공불포함),69000,69000,예약가능,999,정보없음,정보없음,정보없음(투어/티켓),정보없음(데이투어),정보없음,나트랑,트립,[나트랑] 스노클링 2회/ 체험 다이빙 - 한국인 전용 투어/ 한국인 강사 진행,,0
MHJ-PRD2C12BP0DE,MHJ-PRD2C12BP0DE,상시,상시,정보없음(항공불포함),60372,60372,예약가능,999,정보없음,정보없음,정보없음(투어/티켓),정보없음(데이투어),정보없음,나트랑,트립,[나트랑 출발] 나트랑 무이네 지프투어 사막투어 선셋 파우더룸 탈의실 픽업샌딩,,0
MHJ-PRD384E0GBQ2,MHJ-PRD384E0GBQ2,상시,상시,정보없음(항공불포함),69357,69357,예약가능,999,정보없음,정보없음,정보없음(투어/티켓),정보없음(데이투어),정보없음,나트랑,트립,[한국인 가이드와 함께가는] 나트랑 출발 달랏 투어 (시내호텔픽업드랍무료+간식제공),,0
MHJ-PRD1D987VG42,MHJ-PRD1D987VG42,상시,상시,정보없음(항공불포함),37692,37692,예약가능,999,정보없음,정보없음,정보없음(투어/티켓),정보없음(데이투어),정보없음,나트랑,트립,[나트랑] 나트랑 얼리모닝투어 VJ839 픽업샌딩 식사 마사지 씀모이가든,,0
MHJ-PRD1D85BRI87,MHJ-PRD1D85BRI87,상시,상시,정보없음(항공불포함),17760,17760,예약가능,999,정보없음,정보없음,정보없음(투어/티켓),정보없음(데이투어),정보없음,나트랑,입장권/패스,[나트랑] 베가시티 쇼 (무료왕복서틀/인터랙티브3D인형극/Life Puppets Show),,0
MHJ-PRD33594AMCQ,MHJ-PRD33594AMCQ,상시,상시,정보없음(항공불포함),19900,19900,예약가능,999,정보없음,정보없음,정보없음(투어/티켓),정보없음(데이투어),정보없음,나트랑,레스토랑,[나트랑] 쉐라톤 호텔 5성급 씨푸드 디너 뷔페 이용권,,0
MHJ-PRD1D987FY9R,MHJ-PRD1D987FY9R,상시,상시,정보없음(항공불포함),35532,35532,예약가능,999,정보없음,정보없음,정보없음(투어/티켓),정보없음(데이투어),정보없음,나트랑,트립,[나트랑] 나트랑 굿모닝 투어 VJ837 VN441 픽업샌딩 식사 마사지,,0
MHJ-PRD22424FODU,MHJ-PRD22424FODU,상시,상시,정보없음(항공불포함),39094,39094,예약가능,999,정보없음,정보없음,정보없음(투어/티켓),정보없음(데이투어),정보없음,나트랑,트립,[나트랑] 쉐라톤 쿠킹 클래스 (마켓투어/씨클로/쉐라톤 호텔 수영장 무료 이용),5.0,1
MHJ-PRD1D987B71E,MHJ-PRD1D987B71E,상시,상시,정보없음(항공불포함),32292,32292,예약가능,999,정보없음,정보없음,정보없음(투어/티켓),정보없음(데이투어),정보없음,나트랑,트립,[나트랑] 나트랑 하프데이투어 시티 시내 투어 반나절 롱선사 대성당 포나가르사원,,0
MHJ-PRD0C5BFBS1S,MHJ-PRD0C5BFBS1S,상시,상시,정보없음(항공불포함),20412,20412,예약가능,999,정보없음,정보없음,정보없음(투어/티켓),정보없음(데이투어),정보없음,나트랑,입장권/패스,[나트랑] 나트랑 호핑투어 어메이징 스노쿨링 픽업샌딩포함,,0
MHJ-PRD3D29BRWYC,MHJ-PRD3D29BRWYC,상시,상시,정보없음(항공불포함),76140,76140,예약가능,999,정보없음,정보없음,정보없음(투어/티켓),정보없음(데이투어),정보없음,나트랑,트립,[나트랑] 호핑투어 스쿠버다이빙 씨워커 씨워킹 스노쿨링,,0
MHJ-PRD2C3E2IMRT,MHJ-PRD2C3E2IMRT,상시,상시,정보없음(항공불포함),44712,44712,예약가능,999,정보없음,정보없음,정보없음(투어/티켓),정보없음(데이투어),정보없음,나트랑,트립,[나트랑] 굿바이 마사지(90분 핫스톤) + 샌딩(단독차량),,0
MHJ-PRD35F60MD2O,MHJ-PRD35F60MD2O,상시,상시,정보없음(항공불포함),97264,97264,예약가능,999,정보없음,정보없음,정보없음(투어/티켓),정보없음(데이투어),정보없음,나트랑,골프,[나트랑] 나짱_아나라빈티엔 골프클럽_Anara Binh Tien Golf Club,2.0,1
MHJ-PRD04FC9RLDR,MHJ-PRD04FC9RLDR,상시,상시,정보없음(항공불포함),5076,5076,예약가능,999,정보없음,정보없음,정보없음(투어/티켓),정보없음(데이투어),정보없음,나트랑,여행서비스,[나트랑] 유심 4G LTE 모비폰 공항수령 SIM/ESIM/4GB/5GB/7day/10day,,0
MHJ-PRD2C064KHHX,MHJ-PRD2C064KHHX,상시,상시,정보없음(항공불포함),20900,20900,예약가능,999,정보없음,정보없음,정보없음(투어/티켓),정보없음(데이투어),정보없음,나트랑,트립,[나트랑] 강남 마사지 (나트랑시내무료픽업/핫스톤/아로마/드라이/성장 마사지),,0
MHJ-PRD3352F21IB,MHJ-PRD3352F21IB,상시,상시,정보없음(항공불포함),69357,69357,예약가능,999,정보없음,정보없음,정보없음(투어/티켓),정보없음(데이투어),정보없음,나트랑,트립,[나트랑] 나트랑에서 떠나는 무이네 선셋 투어 (지프차/화이트샌듄/레드샌듄/요정의샘물/포사이누/베트남/스타인월드),5.0,1
MHJ-PRD1B14CWYZO,MHJ-PRD1B14CWYZO,상시,상시,정보없음(항공불포함),11988,11988,예약가능,999,정보없음,정보없음,정보없음(투어/티켓),정보없음(데이투어),정보없음,나트랑,입장권/패스,[나트랑] 빈펄하버 케이블카 아쿠아필드 찜질방 QR티켓 입장권,,0
MHJ-PRD13A29EYKU,MHJ-PRD13A29EYKU,상시,상시,정보없음(항공불포함),60372,60372,예약가능,999,정보없음,정보없음,정보없음(투어/티켓),정보없음(데이투어),정보없음,나트랑,트립,[나트랑] 판랑 사막투어 지프투어 선라이즈 조인/단독 숙소픽샌,,0
MHJ-PRD384E0K62G,MHJ-PRD384E0K62G,상시,상시,정보없음(항공불포함),89900,89900,예약가능,999,정보없음,정보없음,정보없음(투어/티켓),정보없음(데이투어),정보없음,나트랑,트립,[한국인 가이드와 함께 떠나는 나트랑 출발 판랑 사막투어 (입장료+사막 지프 차량포함),,0
MHJ-PRD29953USLW,MHJ-PRD29953USLW,상시,상시,정보없음(항공불포함),83000,83000,예약가능,999,정보없음,정보없음,정보없음(투어/티켓),정보없음(데이투어),정보없음,나트랑,트립,[한국인 전용- 품격 상품] 나트랑 일일 호핑 투어 - 스노클링/ 낚시 /중식 포함,,0
MHJ-PRD384E01DGY,MHJ-PRD384E01DGY,상시,상시,정보없음(항공불포함),23900,23900,예약가능,999,정보없음,정보없음,정보없음(투어/티켓),정보없음(데이투어),정보없음,나트랑,트립,[나트랑] 가족이발관 (귀청소.샴푸마사지.손톱.발톱손질. 나트랑 시내 위치),5.0,1
MHJ-PRD0EE5EZN6K,MHJ-PRD0EE5EZN6K,상시,상시,정보없음(항공불포함),98900,98900,예약가능,999,정보없음,정보없음,정보없음(투어/티켓),정보없음(데이투어),정보없음,나트랑,트립,[한국인전용] 나트랑 오션월드 럭셔리 호핑투어 (픽업무료/레이전용비치.라면제공.맥주무제한),,0
MHJ-PRD24CC4WRNN,MHJ-PRD24CC4WRNN,상시,상시,정보없음(항공불포함),89900,89900,예약가능,999,정보없음,정보없음,정보없음(투어/티켓),정보없음(데이투어),정보없음,나트랑,트립,[나트랑 출발 달랏 1박 2일] 로컬 리무진버스 이용+달랏 투어,,0
MHJ-PRD13C1BB186,MHJ-PRD13C1BB186,상시,상시,정보없음(항공불포함),15012,15012,예약가능,999,정보없음,정보없음,정보없음(투어/티켓),정보없음(데이투어),정보없음,나트랑,입장권/패스,[나트랑] 베트남 나트랑 라이프 퍼펫 쇼 QR입장권 인형극 공연,,0
MHJ-PRD1D85D7BN0,MHJ-PRD1D85D7BN0,상시,상시,정보없음(항공불포함),10313,10313,예약가능,999,정보없음,정보없음,정보없음(투어/티켓),정보없음(데이투어),정보없음,나트랑,입장권/패스,[즉시확정][나트랑] 빈펄 하버 나트랑 입장권,5.0,1
MHJ-PRD226DEFFH4,MHJ-PRD226DEFFH4,상시,상시,정보없음(항공불포함),28775,28775,예약가능,999,정보없음,정보없음,정보없음(투어/티켓),정보없음(데이투어),정보없음,나트랑,트립,[잘오고놀자] 나트랑 공항픽업 & 굿모닝투어 (오전도착 항공편),,0
MHJ-PRD46F3EGOCH,MHJ-PRD46F3EGOCH,상시,상시,정보없음(항공불포함),111780,111780,예약가능,999,정보없음,정보없음,정보없음(투어/티켓),정보없음(데이투어),정보없음,나트랑,페리,[나트랑] 엠페러 데이크루즈 투어_#럭셔리크루즈여행+#픽드랍포함,,0
MHJ-PRD35E32S5HR,MHJ-PRD35E32S5HR,상시,상시,정보없음(항공불포함),105840,105840,예약가능,999,정보없음,정보없음,정보없음(투어/티켓),정보없음(데이투어),정보없음,나트랑,렌터카,[나트랑] 승용차 렌트카_#단독차량1대+#기사포함+#1인부터4인까지,,0
MHJ-PRD3365DCS0U,MHJ-PRD3365DCS0U,상시,상시,정보없음(항공불포함),7526,7526,예약가능,999,정보없음,정보없음,정보없음(투어/티켓),정보없음(데이투어),정보없음,나트랑,여행서비스,[나트랑] 공항 패스트트랙_#빠른공항수속,,0
MHJ-PRD1D9879O7N,MHJ-PRD1D9879O7N,상시,상시,정보없음(항공불포함),69012,69012,예약가능,999,정보없음,정보없음,정보없음(투어/티켓),정보없음(데이투어),정보없음,나트랑,트립,[나트랑] 나트랑 올데이투어 시티투어 담시장 롱선사 렌트카 가이드,,0
MHJ-PRD449BEXPRA,MHJ-PRD449BEXPRA,상시,상시,정보없음(항공불포함),140400,140400,예약가능,999,정보없음,정보없음,정보없음(투어/티켓),정보없음(데이투어),정보없음,나트랑,트립,[나트랑->달랏]달랏 일일 투어_#조인투어+#달랏당일투어,,0
MHJ-PRD0A103AY7E,MHJ-PRD0A103AY7E,상시,상시,정보없음(항공불포함),49512,49512,예약가능,999,정보없음,정보없음,정보없음(투어/티켓),정보없음(데이투어),정보없음,나트랑,트립,[나트랑] 탑바 머드 & 온천 투어 (제일 진한 머드 온천장),,0
MHJ-PRD44A1FWBKF,MHJ-PRD44A1FWBKF,상시,상시,정보없음(항공불포함),94900,94900,예약가능,999,정보없음,정보없음,정보없음(투어/티켓),정보없음(데이투어),정보없음,나트랑,트립,[잘놀고즐기자] 나트랑 크레이지 파티 호핑투어 (한국인전용/무제한음료/간식제공/스타인월드),,0
MHJ-PRD38733MXOY,MHJ-PRD38733MXOY,상시,상시,정보없음(항공불포함),89900,89900,예약가능,999,정보없음,정보없음,정보없음(투어/티켓),정보없음(데이투어),정보없음,나트랑,트립,[나트랑] 엠페러 황제 디너 크루즈 (나트랑시내 픽드랍. 무제한 주류 음료 핑거푸드 포함),,0
MHJ-PRD22424D1OA,MHJ-PRD22424D1OA,상시,상시,정보없음(항공불포함),29667,29667,예약가능,999,정보없음,정보없음,정보없음(투어/티켓),정보없음(데이투어),정보없음,나트랑,트립,[나트랑] 케이스파 (K) 마사지 (핫스톤.스페셜마사지),,0
MHJ-PRD13A8C5OEJ,MHJ-PRD13A8C5OEJ,상시,상시,정보없음(항공불포함),119000,119000,예약가능,999,정보없음,정보없음,정보없음(투어/티켓),정보없음(데이투어),정보없음,나트랑,트립,[단독투어] 판랑 지프 투어- 단독 차량 10시간 이용 가능- 나트랑 출발,,0
MHJ-PRD13A29PVCZ,MHJ-PRD13A29PVCZ,상시,상시,정보없음(항공불포함),59400,59400,예약가능,999,정보없음,정보없음,정보없음(투어/티켓),정보없음(데이투어),정보없음,나트랑,트립,[나트랑 달랏] 나트랑 달랏 투어 렌트카 관광지 올데이 투어,,0
MHJ-PRD35D6CK0U1,MHJ-PRD35D6CK0U1,상시,상시,정보없음(항공불포함),21729,21729,예약가능,999,정보없음,정보없음,정보없음(투어/티켓),정보없음(데이투어),정보없음,나트랑,레스토랑,[나트랑] 응온갤러리 씨푸드 디너 뷔페,,0
MHJ-PRD13A2917KI,MHJ-PRD13A2917KI,상시,상시,정보없음(항공불포함),57132,57132,예약가능,999,정보없음,정보없음,정보없음(투어/티켓),정보없음(데이투어),정보없음,나트랑,트립,[나트랑] 릴렉싱 체크아웃투어 픽업샌딩 미니호텔 마사지,,0
MHJ-PRD3ABF0PL3V,MHJ-PRD3ABF0PL3V,상시,상시,정보없음(항공불포함),24899,24899,예약가능,999,정보없음,정보없음,정보없음(투어/티켓),정보없음(데이투어),정보없음,나트랑,트립,[나트랑] 서울이발관  (귀청소.샴푸마사지.손톱.발톱손질.쏨모이가든 근처),,0
MHJ-PRD050F5TA8Q,MHJ-PRD050F5TA8Q,상시,상시,정보없음(항공불포함),39900,39900,예약가능,999,정보없음,정보없음,정보없음(투어/티켓),정보없음(데이투어),정보없음,나트랑,트립,[나트랑] 내 맘대로 일정 미니비치 프라이빗 투어 (스피드보트 조인 단독),,0
MHJ-PRD41FF4QD4P,MHJ-PRD41FF4QD4P,상시,상시,정보없음(항공불포함),9822,9822,예약가능,999,정보없음,정보없음,정보없음(투어/티켓),정보없음(데이투어),정보없음,나트랑,여행서비스,[나트랑] 웰컴팩 OR 굿바이팩 (BIDV 호텔 1박 (2인 1실) 공항 픽업 또는 샌딩),,0
MHJ-PRD3AD80VE0Q,MHJ-PRD3AD80VE0Q,상시,상시,정보없음(항공불포함),22764,22764,예약가능,999,정보없음,정보없음,정보없음(투어/티켓),정보없음(데이투어),정보없음,나트랑,입장권/패스,[나트랑] 클로버스파_#나트랑마사지_#나트랑스파,,0
MHJ-PRD07803ZRGY,MHJ-PRD07803ZRGY,상시,상시,정보없음(항공불포함),117720,117720,예약가능,999,정보없음,정보없음,정보없음(투어/티켓),정보없음(데이투어),정보없음,나트랑,렌터카,[나트랑] 나트랑 무이네 이동 프라이빗 렌트카 편도 왕복 차량,,0
MHJ-PRD13A29HCDK,MHJ-PRD13A29HCDK,상시,상시,정보없음(항공불포함),67932,67932,예약가능,999,정보없음,정보없음,정보없음(투어/티켓),정보없음(데이투어),정보없음,나트랑,트립,[나트랑] 양베이 테마파크 투어 나트랑근교/픽업샌딩포함,,0
MHJ-PRD2717EVTZM,MHJ-PRD2717EVTZM,상시,상시,정보없음(항공불포함),31903,31903,예약가능,999,정보없음,정보없음,정보없음(투어/티켓),정보없음(데이투어),정보없음,나트랑,여행서비스,★최강특가★[나트랑 깜란지역 ] VIP입국심사 + 공항 픽업차량_#깜란지역+#안전하게+#티라운지 미팅,,0
MHJ-PRD1B212QDYK,MHJ-PRD1B212QDYK,상시,상시,정보없음(항공불포함),395910,395910,예약가능,999,정보없음,정보없음,정보없음(투어/티켓),정보없음(데이투어),정보없음,나트랑,트립,[달랏] 나트랑에서 떠나는 달랏 1박 2일 단독 차량 이용 서비스 (#차량이용 #단독 #베트남 #스타인월드),,0
MHJ-PRD187E65HKR,MHJ-PRD187E65HKR,상시,상시,정보없음(항공불포함),36147,36147,예약가능,999,정보없음,정보없음,정보없음(투어/티켓),정보없음(데이투어),정보없음,나트랑,트립,[나트랑] 판랑 사막 단독 지프투어(전지역 픽업샌딩/일출.오전.선셋선택)*성인요금 기준,,0
MHJ-PRD2C3E7UNHH,MHJ-PRD2C3E7UNHH,상시,상시,정보없음(항공불포함),159000,159000,예약가능,999,정보없음,정보없음,정보없음(투어/티켓),정보없음(데이투어),정보없음,나트랑,트립,[한국어가이드/노팁] 리무진 차량 나트랑 출발 달랏 데이투어 (시내픽드랍무료/노팁),,0
MHJ-PRD09F157VZL,MHJ-PRD09F157VZL,상시,상시,정보없음(항공불포함),22680,22680,예약가능,999,정보없음,정보없음,정보없음(투어/티켓),정보없음(데이투어),정보없음,나트랑,레스토랑,[나트랑] 앰버서더 클럽 씨푸드 랍스터 뷔페 디너쇼 밀패키지 이용권,,0
MHJ-PRD02B72CAUR,MHJ-PRD02B72CAUR,상시,상시,정보없음(항공불포함),247071,247071,예약가능,999,정보없음,정보없음,정보없음(투어/티켓),정보없음(데이투어),정보없음,나트랑,트립,[나트랑/달랏] 단독 달랏 데이투어 렌터카 이용 서비스(#이동서비스#차량당요금#프라이빗#베트남#스타인월드),,0
MHJ-PRD20035WMXN,MHJ-PRD20035WMXN,상시,상시,정보없음(항공불포함),49900,49900,예약가능,999,정보없음,정보없음,정보없음(투어/티켓),정보없음(데이투어),정보없음,나트랑,여행서비스,[나트랑] 프라이빗 근교 도시 간 이동 서비스 (나트랑·깜란 ↔ 판랑·달랏·무이네),,0
MHJ-PRD18B69PNBG,MHJ-PRD18B69PNBG,상시,상시,정보없음(항공불포함),24899,24899,예약가능,999,정보없음,정보없음,정보없음(투어/티켓),정보없음(데이투어),정보없음,나트랑,트립,[나트랑] 나트랑 이발관 1호점 & 2호점 (토탈 케어 체험),,0
MHJ-PRD13A29UEIH,MHJ-PRD13A29UEIH,상시,상시,정보없음(항공불포함),26676,26676,예약가능,999,정보없음,정보없음,정보없음(투어/티켓),정보없음(데이투어),정보없음,나트랑,트립,나트랑 스노쿨링 호핑투어 니모트립 파티,,0
MHJ-PRD13A29OLKZ,MHJ-PRD13A29OLKZ,상시,상시,정보없음(항공불포함),37692,37692,예약가능,999,정보없음,정보없음,정보없음(투어/티켓),정보없음(데이투어),정보없음,나트랑,트립,[나트랑] 릴렉싱 모닝투어 픽업샌딩 미니호텔 식사 해피비치,,0
MHJ-PRD226DEWSCU,MHJ-PRD226DEWSCU,상시,상시,정보없음(항공불포함),48862,48862,예약가능,999,정보없음,정보없음,정보없음(투어/티켓),정보없음(데이투어),정보없음,나트랑,트립,[한국인전용] 나트랑 굿모닝 마사지 투어 (오전도착 항공편),,0
MHJ-PRD161FFYQXH,MHJ-PRD161FFYQXH,상시,상시,정보없음(항공불포함),30132,30132,예약가능,999,정보없음,정보없음,정보없음(투어/티켓),정보없음(데이투어),정보없음,나트랑,트립,[나트랑] 나트랑 메모리 스냅 단독촬영 2시간,,0
MHJ-PRD13CE2QPF9,MHJ-PRD13CE2QPF9,상시,상시,정보없음(항공불포함),64900,64900,예약가능,999,정보없음,정보없음,정보없음(투어/티켓),정보없음(데이투어),정보없음,나트랑,트립,[나트랑] 콩포레스트 ATV 산악 오토바이 & 짚라인 체험,,0
MHJ-PRD09FDDL9IX,MHJ-PRD09FDDL9IX,상시,상시,정보없음(항공불포함),27090,27090,예약가능,999,정보없음,정보없음,정보없음(투어/티켓),정보없음(데이투어),정보없음,나트랑,트립,[나트랑] 메이플 스파 마사지 이용권 공항 픽업샌딩,,0
MHJ-PRD04FC9N2AK,MHJ-PRD04FC9N2AK,상시,상시,정보없음(항공불포함),7560,7560,예약가능,999,정보없음,정보없음,정보없음(투어/티켓),정보없음(데이투어),정보없음,나트랑,여행서비스,[나트랑] 굿바이 스파패키지 마사지 공항샌딩 카풀 조인 차량,,0
MHJ-PRD41FF40LER,MHJ-PRD41FF40LER,상시,상시,정보없음(항공불포함),24901,24901,예약가능,999,정보없음,정보없음,정보없음(투어/티켓),정보없음(데이투어),정보없음,나트랑,트립,[나트랑] 아오자이 시클로 헤리티지 감성 라이딩 투어 (#인생샷 #전통복장 #시내투어),,0
MHJ-PRD3FB9E2QSV,MHJ-PRD3FB9E2QSV,상시,상시,정보없음(항공불포함),140400,140400,예약가능,999,정보없음,정보없음,정보없음(투어/티켓),정보없음(데이투어),정보없음,나트랑,트립,[나트랑->판랑] 판랑 당일 사막투어,,0
MHJ-PRD3D4F41X9E,MHJ-PRD3D4F41X9E,상시,상시,정보없음(항공불포함),37692,37692,예약가능,999,정보없음,정보없음,정보없음(투어/티켓),정보없음(데이투어),정보없음,나트랑,트립,[나트랑] 나트랑 미니비치 단독 투어 스피드보트 왕복 픽업 샌딩 해양스포츠,,0
MHJ-PRD1AF57UKXJ,MHJ-PRD1AF57UKXJ,상시,상시,정보없음(항공불포함),160380,160380,예약가능,999,정보없음,정보없음,정보없음(투어/티켓),정보없음(데이투어),정보없음,나트랑,골프,[베트남] 나트랑 골프 예약 나라 빈티엔 CC 18홀 골프장(Nara Binh Tein Golf),,0
MHJ-PRD13A29BAJC,MHJ-PRD13A29BAJC,상시,상시,정보없음(항공불포함),49572,49572,예약가능,999,정보없음,정보없음,정보없음(투어/티켓),정보없음(데이투어),정보없음,나트랑,트립,[나트랑] 쿠킹클래스 하프데이 투어 로컬시장/로컬마을/픽업샌딩 포함,,0
MHJ-PRD0EBA61GVU,MHJ-PRD0EBA61GVU,상시,상시,정보없음(항공불포함),59400,59400,예약가능,999,정보없음,정보없음,정보없음(투어/티켓),정보없음(데이투어),정보없음,나트랑,트립,[나트랑] 코코 바구니배 투어 #바구니배체험#현지식포함#이색체험#픽업포함,,0
MHJ-PRD449BEAQBP,MHJ-PRD449BEAQBP,상시,상시,정보없음(항공불포함),63550,63550,예약가능,999,정보없음,정보없음,정보없음(투어/티켓),정보없음(데이투어),정보없음,나트랑,트립,[잘오고보자] 나트랑 굿모닝시티투어 & 공항픽업(#포나가르#대성당#롱선사#오전도착항공편),,0
MHJ-PRD2C385MBAU,MHJ-PRD2C385MBAU,상시,상시,정보없음(항공불포함),118800,118800,예약가능,999,정보없음,정보없음,정보없음(투어/티켓),정보없음(데이투어),정보없음,나트랑,렌터카,[나트랑] 럭셔리 VIP 패밀리카 10인승 프라이빗 리무진 렌트카,,0
MHJ-PRD2C066QYDB,MHJ-PRD2C066QYDB,상시,상시,정보없음(항공불포함),14040,14040,예약가능,999,정보없음,정보없음,정보없음(투어/티켓),정보없음(데이투어),정보없음,나트랑,여행서비스,[나트랑] 공항 입출국심사 VIP 패스트트랙 서비스(나트랑 깜라인 국제공항),,0
MHJ-PRD1FD16WROB,MHJ-PRD1FD16WROB,상시,상시,정보없음(항공불포함),31698,31698,예약가능,999,정보없음,정보없음,정보없음(투어/티켓),정보없음(데이투어),정보없음,나트랑,트립,[나트랑] 아이리조트 머드온천 체험 투어 #단독차량 픽드랍 #워터파크 *성인요금기준,,0
MHJ-PRD1D794XPQW,MHJ-PRD1D794XPQW,상시,상시,정보없음(항공불포함),19900,19900,예약가능,999,정보없음,정보없음,정보없음(투어/티켓),정보없음(데이투어),정보없음,나트랑,트립,[나트랑] 오드리스파 발마사지 (롯데마트 골든코스트점),,0
MHJ-PRD164532QGW,MHJ-PRD164532QGW,상시,상시,정보없음(항공불포함),13900,13900,예약가능,999,정보없음,정보없음,정보없음(투어/티켓),정보없음(데이투어),정보없음,나트랑,트립,[나트랑] 양베이 테마파크 투어 + 핫스프링 수영장 (시내무료픽업/스타인월드),,0
MHJ-PRD163F3ANXT,MHJ-PRD163F3ANXT,상시,상시,정보없음(항공불포함),16900,16900,예약가능,999,정보없음,정보없음,정보없음(투어/티켓),정보없음(데이투어),정보없음,나트랑,트립,[나트랑] 엘리스 스파 (시내 중심가 위치 / 발마사지. 전신마사지. 모든 케어 팁포함),,0
MHJ-PRD0ED99CM0Q,MHJ-PRD0ED99CM0Q,상시,상시,정보없음(항공불포함),21900,21900,예약가능,999,정보없음,정보없음,정보없음(투어/티켓),정보없음(데이투어),정보없음,나트랑,트립,[나트랑] 마하미 스파 & 네일 (마사지. 이발소코스. 네일. 페디. 키즈),,0
MHJ-PRD09FDDW6KT,MHJ-PRD09FDDW6KT,상시,상시,정보없음(항공불포함),32292,32292,예약가능,999,정보없음,정보없음,정보없음(투어/티켓),정보없음(데이투어),정보없음,나트랑,여행서비스,[나트랑] 웰컴 스파 패키지 공항픽업샌딩 마사지,,0
